order_id,customer_id,order_date,status,region_code
1,597.0,2025-12-03 15:57:43,SHIPPED,R1
2,463.0,2026-01-01 15:57:43,DELIVERED,R3
3,209.0,2026-06-14 15:57:43,SHIPPED,R1
4,21.0,2026-02-26 00:00:00,DELIVERED,R3
5,318.0,2026-05-12 15:57:43,DELIVERED,R2
6,389.0,2025-10-10 15:57:43,SHIPPED,R4
7,254.0,2026-01-12 15:57:43,DELIVERED,R2
8,184.0,2026-01-29 15:57:43,PLACED,R2
9,13.0,2026-03-28 15:57:43,DELIVERED,R4
10,238.0,2025-11-16 15:57:43,CANCELLED,R3
11,518.0,2025-11-04 15:57:43,CANCELLED,R1
12,444.0,2025-12-20 15:57:43,PLACED,R4
13,578.0,2026-03-31 15:57:43,DELIVERED,R4
15,259.0,2026-02-09 15:57:43,RETURNED,R2
16,501.0,2026-06-17 15:57:43,SHIPPED,R3
17,31.0,2025-10-03 15:57:43,SHIPPED,R4
18,425.0,2025-12-02 15:57:43,CANCELLED,R3
19,346.0,2025-10-16 15:57:43,RETURNED,R2
21,161.0,2026-02-18 15:57:43,RETURNED,R1
22,533.0,2026-05-27 15:57:43,CANCELLED,R4
23,63.0,2025-10-26 00:00:00,RETURNED,R4
24,357.0,2026-03-27 00:00:00,RETURNED,R3
25,586.0,2025-11-05 15:57:43,DELIVERED,R4
26,283.0,2026-04-10 15:57:43,CANCELLED,R2
27,196.0,2026-06-23 15:57:43,RETURNED,R1
28,520.0,2026-06-15 15:57:43,DELIVERED,R2
29,343.0,2025-12-17 15:57:43,SHIPPED,R2
30,183.0,2026-02-15 15:57:43,CANCELLED,R2
31,430.0,2025-09-20 15:57:43,CANCELLED,R2
32,140.0,2025-10-04 15:57:43,DELIVERED,R1
33,572.0,2025-12-08 15:57:43,CANCELLED,R1
34,544.0,2026-05-11 15:57:43,SHIPPED,R3
36,65.0,2026-05-02 15:57:43,DELIVERED,R4
37,417.0,2026-07-06 15:57:43,DELIVERED,R4
38,312.0,2025-10-07 15:57:43,SHIPPED,R2
39,200.0,2025-10-30 00:00:00,PLACED,R1
40,84.0,2026-02-27 15:57:43,CANCELLED,R3
41,189.0,2026-05-09 15:57:43,DELIVERED,R1
42,416.0,2025-12-11 15:57:43,RETURNED,R1
43,84.0,2025-12-22 15:57:43,DELIVERED,R4
44,443.0,2026-01-25 15:57:43,RETURNED,R1
45,135.0,2025-10-06 15:57:43,RETURNED,R3
46,127.0,2025-10-02 15:57:43,RETURNED,R4
47,527.0,2025-12-30 00:00:00,PLACED,R2
48,485.0,2026-06-15 15:57:43,RETURNED,R2
49,111.0,2025-12-27 15:57:43,DELIVERED,R3
50,481.0,2026-05-26 15:57:43,CANCELLED,R1
51,51.0,2025-12-23 15:57:43,SHIPPED,R2
52,479.0,2026-06-17 00:00:00,DELIVERED,R4
53,279.0,2026-06-13 15:57:43,CANCELLED,R1
54,438.0,2026-06-16 15:57:43,SHIPPED,R3
55,197.0,2026-07-01 15:57:43,CANCELLED,R1
56,540.0,2026-02-13 15:57:43,RETURNED,R3
57,509.0,2026-03-07 15:57:43,PLACED,R3
58,475.0,2025-12-01 15:57:43,DELIVERED,R3
59,566.0,2025-11-15 00:00:00,CANCELLED,R4
60,46.0,2026-01-05 15:57:43,RETURNED,R4
61,82.0,2026-02-26 00:00:00,CANCELLED,R3
62,522.0,2026-03-07 00:00:00,PLACED,R1
63,265.0,2026-06-29 15:57:43,CANCELLED,R4
64,534.0,2026-03-14 15:57:43,DELIVERED,R4
65,404.0,2025-12-04 15:57:43,CANCELLED,R2
66,322.0,2026-12-06 00:00:00,DELIVERED,R2
67,457.0,2026-05-03 00:00:00,PLACED,R3
68,140.0,2025-10-12 15:57:43,SHIPPED,R4
69,508.0,2025-11-16 15:57:43,RETURNED,R2
70,552.0,2025-12-26 15:57:43,RETURNED,R3
71,539.0,2025-09-28 15:57:43,PLACED,R3
72,307.0,2026-05-26 15:57:43,RETURNED,R1
73,178.0,2026-01-29 15:57:43,DELIVERED,R2
74,193.0,2026-06-26 15:57:43,SHIPPED,R1
75,149.0,2026-03-23 15:57:43,RETURNED,R1
76,555.0,2025-11-05 15:57:43,CANCELLED,R2
77,397.0,2026-05-31 15:57:43,SHIPPED,R1
78,301.0,2026-06-19 15:57:43,DELIVERED,R1
79,64.0,2026-01-12 15:57:43,CANCELLED,R1
80,43.0,2025-10-03 15:57:43,RETURNED,R3
81,534.0,2026-01-06 00:00:00,RETURNED,R2
82,259.0,2026-06-08 15:57:43,DELIVERED,R4
83,62.0,2026-05-03 15:57:43,CANCELLED,R2
84,595.0,2025-11-13 15:57:43,CANCELLED,R4
85,107.0,2026-01-21 15:57:43,RETURNED,R1
86,366.0,2025-10-21 15:57:43,PLACED,R2
87,336.0,2026-05-23 15:57:43,SHIPPED,R2
88,272.0,2026-03-03 15:57:43,DELIVERED,R4
89,124.0,2026-02-19 15:57:43,RETURNED,R4
90,350.0,2025-12-07 15:57:43,CANCELLED,R3
91,474.0,2026-01-09 15:57:43,RETURNED,R1
92,246.0,2025-12-22 15:57:43,RETURNED,R2
93,593.0,2026-04-14 15:57:43,SHIPPED,R2
94,64.0,2026-06-14 15:57:43,DELIVERED,R3
95,138.0,2025-10-18 15:57:43,RETURNED,R2
96,500.0,2026-05-13 00:00:00,SHIPPED,R3
97,195.0,2026-01-13 00:00:00,PLACED,R1
98,117.0,2026-08-01 00:00:00,CANCELLED,R2
99,318.0,2026-05-18 15:57:43,PLACED,R4
100,181.0,2026-05-05 15:57:43,DELIVERED,R4
101,427.0,2026-06-30 15:57:43,RETURNED,R1
102,93.0,2025-10-28 15:57:43,PLACED,R2
103,138.0,2026-05-21 15:57:43,RETURNED,R4
104,95.0,2026-06-28 15:57:43,PLACED,R4
105,37.0,2026-06-03 15:57:43,CANCELLED,R3
106,528.0,2025-11-09 15:57:43,PLACED,R1
107,398.0,2026-01-08 15:57:43,PLACED,R1
108,181.0,2026-02-26 15:57:43,SHIPPED,R1
109,227.0,2025-11-18 15:57:43,RETURNED,R3
110,322.0,2026-06-24 15:57:43,CANCELLED,R1
111,134.0,2025-11-26 15:57:43,RETURNED,R4
112,472.0,2026-05-11 15:57:43,RETURNED,R2
113,39.0,2025-10-16 15:57:43,DELIVERED,R3
114,309.0,2026-05-14 15:57:43,DELIVERED,R4
115,450.0,2026-05-16 15:57:43,CANCELLED,R1
116,49.0,2026-04-20 15:57:43,CANCELLED,R4
117,221.0,2026-02-25 15:57:43,RETURNED,R1
118,180.0,2026-05-16 15:57:43,CANCELLED,R1
119,154.0,2026-01-26 15:57:43,CANCELLED,R2
120,542.0,2026-05-05 15:57:43,RETURNED,R3
121,178.0,2026-06-25 15:57:43,DELIVERED,R3
122,11.0,2026-02-22 15:57:43,DELIVERED,R4
123,562.0,2026-01-07 00:00:00,PLACED,R1
125,73.0,2026-01-12 15:57:43,RETURNED,R4
126,229.0,2026-05-17 15:57:43,CANCELLED,R4
127,485.0,2025-11-22 15:57:43,RETURNED,R1
128,320.0,2026-05-02 15:57:43,DELIVERED,R4
129,155.0,2026-02-02 15:57:43,PLACED,R3
130,238.0,2025-12-10 15:57:43,PLACED,R1
131,214.0,2025-10-29 15:57:43,SHIPPED,R3
132,61.0,2026-01-20 15:57:43,DELIVERED,R3
133,154.0,2026-06-14 15:57:43,CANCELLED,R3
134,358.0,2026-01-26 15:57:43,SHIPPED,R2
135,31.0,2025-09-29 15:57:43,RETURNED,R1
136,530.0,2026-04-26 15:57:43,PLACED,R1
137,441.0,2026-05-21 00:00:00,RETURNED,R1
138,270.0,2026-01-25 15:57:43,CANCELLED,R4
139,270.0,2026-03-31 15:57:43,PLACED,R2
140,396.0,2026-12-03 00:00:00,RETURNED,R4
141,397.0,2026-01-13 15:57:43,DELIVERED,R3
142,47.0,2026-05-04 15:57:43,DELIVERED,R2
143,282.0,2025-10-23 15:57:43,SHIPPED,R3
144,541.0,2026-03-31 15:57:43,PLACED,R1
145,108.0,2026-04-27 15:57:43,SHIPPED,R2
146,112.0,2026-07-03 15:57:43,RETURNED,R3
147,21.0,2025-12-26 15:57:43,RETURNED,R2
148,265.0,2025-12-28 15:57:43,SHIPPED,R2
149,137.0,2025-10-19 15:57:43,PLACED,R1
150,328.0,2026-03-05 15:57:43,CANCELLED,R3
151,436.0,2026-03-23 15:57:43,PLACED,R1
152,57.0,2025-12-21 15:57:43,RETURNED,R4
153,263.0,2025-12-08 15:57:43,SHIPPED,R2
154,21.0,2026-03-25 15:57:43,PLACED,R1
155,486.0,2025-09-17 15:57:43,DELIVERED,R1
156,587.0,2026-01-23 15:57:43,RETURNED,R1
157,529.0,2025-11-29 15:57:43,DELIVERED,R4
158,594.0,2025-10-07 15:57:43,SHIPPED,R1
159,489.0,2026-01-21 15:57:43,PLACED,R1
160,195.0,2025-12-02 15:57:43,DELIVERED,R3
161,282.0,2025-11-27 00:00:00,SHIPPED,R1
162,1.0,2026-01-06 15:57:43,SHIPPED,R1
164,483.0,2025-09-28 15:57:43,SHIPPED,R2
165,554.0,2026-05-04 15:57:43,CANCELLED,R2
166,323.0,2026-05-01 15:57:43,PLACED,R1
167,368.0,2026-06-14 15:57:43,PLACED,R3
168,221.0,2026-04-27 15:57:43,CANCELLED,R2
169,288.0,2026-07-11 15:57:43,CANCELLED,R4
170,372.0,2026-02-24 15:57:43,RETURNED,R4
171,270.0,2026-02-01 15:57:43,DELIVERED,R3
172,573.0,2026-05-20 15:57:43,SHIPPED,R4
173,48.0,2026-04-19 15:57:43,SHIPPED,R2
174,467.0,2026-04-01 15:57:43,DELIVERED,R3
175,297.0,2025-11-28 00:00:00,PLACED,R3
176,504.0,2025-12-20 15:57:43,CANCELLED,R3
177,245.0,2026-06-18 15:57:43,SHIPPED,R2
178,369.0,2026-02-11 15:57:43,CANCELLED,R2
179,266.0,2025-10-02 15:57:43,CANCELLED,R1
180,13.0,2025-07-10 00:00:00,SHIPPED,R2
181,197.0,2026-05-16 15:57:43,RETURNED,R2
182,476.0,2025-12-18 15:57:43,SHIPPED,R3
183,542.0,2026-05-11 15:57:43,SHIPPED,R4
184,135.0,2026-07-02 15:57:43,SHIPPED,R2
185,459.0,2026-03-24 15:57:43,SHIPPED,R2
186,203.0,2025-09-28 15:57:43,CANCELLED,R3
187,79.0,2026-03-08 15:57:43,DELIVERED,R3
188,482.0,2025-09-17 15:57:43,CANCELLED,R1
189,106.0,2025-09-27 15:57:43,CANCELLED,R3
190,297.0,2026-02-22 15:57:43,DELIVERED,R1
191,201.0,2026-03-07 15:57:43,DELIVERED,R2
192,241.0,2025-12-22 15:57:43,CANCELLED,R2
193,35.0,2025-09-20 15:57:43,SHIPPED,R1
194,431.0,2025-11-11 00:00:00,RETURNED,R2
195,468.0,2026-05-03 15:57:43,CANCELLED,R2
196,250.0,2025-10-05 15:57:43,SHIPPED,R4
197,123.0,2026-02-04 15:57:43,RETURNED,R4
198,438.0,2025-09-21 15:57:43,CANCELLED,R1
199,51.0,2025-10-29 15:57:43,PLACED,R2
200,585.0,2026-02-22 00:00:00,RETURNED,R1
201,249.0,2026-06-12 15:57:43,DELIVERED,R4
202,61.0,2025-10-14 15:57:43,DELIVERED,R2
203,222.0,2026-05-13 15:57:43,SHIPPED,R3
204,292.0,2025-09-11 00:00:00,CANCELLED,R3
205,316.0,2026-04-08 15:57:43,PLACED,R4
206,461.0,2025-11-19 15:57:43,SHIPPED,R4
207,569.0,2026-02-06 15:57:43,DELIVERED,R1
208,124.0,2025-12-26 15:57:43,CANCELLED,R2
209,445.0,2026-06-05 15:57:43,SHIPPED,R1
210,284.0,2026-06-10 15:57:43,RETURNED,R4
211,364.0,2025-10-24 15:57:43,CANCELLED,R3
212,308.0,2026-06-02 15:57:43,SHIPPED,R2
214,410.0,2026-02-05 15:57:43,PLACED,R1
215,57.0,2025-12-06 15:57:43,DELIVERED,R4
216,466.0,2026-01-01 15:57:43,RETURNED,R3
218,286.0,2025-12-24 15:57:43,CANCELLED,R3
219,514.0,2026-03-24 15:57:43,RETURNED,R1
220,162.0,2026-05-11 15:57:43,DELIVERED,R1
221,76.0,2025-10-29 15:57:43,RETURNED,R1
222,166.0,2025-12-05 15:57:43,DELIVERED,R1
223,503.0,2026-06-19 15:57:43,RETURNED,R1
224,357.0,2026-05-23 15:57:43,SHIPPED,R3
225,335.0,2026-03-31 15:57:43,SHIPPED,R4
226,42.0,2026-05-27 15:57:43,PLACED,R2
227,419.0,2025-12-16 15:57:43,PLACED,R1
228,259.0,2025-11-03 15:57:43,RETURNED,R3
229,493.0,2026-01-29 15:57:43,PLACED,R3
230,293.0,2026-01-18 15:57:43,CANCELLED,R2
231,459.0,2026-06-15 15:57:43,DELIVERED,R4
232,459.0,2026-06-14 15:57:43,DELIVERED,R1
233,459.0,2025-12-12 15:57:43,PLACED,R2
234,107.0,2026-04-26 15:57:43,PLACED,R1
235,158.0,2026-01-25 15:57:43,CANCELLED,R1
236,161.0,2025-11-18 15:57:43,CANCELLED,R4
237,458.0,2026-06-01 15:57:43,PLACED,R3
238,102.0,2025-12-21 15:57:43,CANCELLED,R3
239,32.0,2025-07-10 00:00:00,CANCELLED,R4
240,6.0,2025-11-28 15:57:43,RETURNED,R4
241,229.0,2026-06-11 15:57:43,RETURNED,R1
242,422.0,2025-10-30 15:57:43,CANCELLED,R2
243,547.0,2026-02-28 15:57:43,SHIPPED,R3
244,275.0,2026-04-03 00:00:00,SHIPPED,R3
245,356.0,2025-12-11 15:57:43,CANCELLED,R1
246,122.0,2025-11-09 15:57:43,CANCELLED,R4
247,64.0,2025-12-15 15:57:43,DELIVERED,R1
248,53.0,2025-09-27 15:57:43,SHIPPED,R4
249,537.0,2026-03-03 15:57:43,PLACED,R3
250,560.0,2025-09-19 15:57:43,DELIVERED,R2
251,284.0,2026-04-29 15:57:43,DELIVERED,R2
252,348.0,2026-06-21 15:57:43,PLACED,R2
253,424.0,2026-06-28 00:00:00,PLACED,R1
254,455.0,2025-11-26 15:57:43,PLACED,R4
255,101.0,2026-01-21 15:57:43,DELIVERED,R4
256,238.0,2025-10-31 15:57:43,RETURNED,R2
257,431.0,2026-04-14 15:57:43,RETURNED,R1
258,459.0,2025-02-12 00:00:00,PLACED,R4
259,452.0,2026-06-25 15:57:43,PLACED,R2
260,135.0,2026-05-18 00:00:00,PLACED,R2
261,213.0,2026-02-22 15:57:43,PLACED,R1
262,435.0,2026-01-14 15:57:43,DELIVERED,R1
263,511.0,2025-10-13 15:57:43,RETURNED,R2
264,495.0,2026-04-07 15:57:43,DELIVERED,R4
265,464.0,2026-04-16 15:57:43,SHIPPED,R4
266,258.0,2026-06-19 15:57:43,SHIPPED,R2
267,577.0,2025-09-26 15:57:43,SHIPPED,R1
268,68.0,2026-05-04 15:57:43,RETURNED,R2
270,52.0,2025-11-13 15:57:43,CANCELLED,R4
271,16.0,2025-10-07 15:57:43,RETURNED,R3
272,347.0,2025-10-16 15:57:43,DELIVERED,R1
273,386.0,2026-05-18 15:57:43,PLACED,R3
274,154.0,2025-10-04 15:57:43,CANCELLED,R3
275,573.0,2026-06-13 15:57:43,RETURNED,R4
276,489.0,2026-05-22 15:57:43,RETURNED,R3
277,376.0,2025-12-25 15:57:43,CANCELLED,R3
278,351.0,2026-05-07 15:57:43,CANCELLED,R2
279,296.0,2026-07-07 15:57:43,RETURNED,R1
280,386.0,2025-11-29 15:57:43,DELIVERED,R1
281,144.0,2026-01-01 00:00:00,PLACED,R2
282,368.0,2026-05-16 15:57:43,PLACED,R2
283,40.0,2026-02-26 15:57:43,SHIPPED,R3
284,589.0,2026-01-14 00:00:00,SHIPPED,R1
285,72.0,2026-01-17 15:57:43,DELIVERED,R2
286,4.0,2025-10-27 15:57:43,CANCELLED,R4
287,540.0,2026-04-24 15:57:43,PLACED,R3
289,308.0,2025-12-08 15:57:43,SHIPPED,R4
290,93.0,2025-09-20 15:57:43,DELIVERED,R1
291,290.0,2025-12-01 15:57:43,SHIPPED,R2
292,183.0,2025-12-24 15:57:43,PLACED,R1
293,451.0,2026-04-06 15:57:43,CANCELLED,R3
294,527.0,2025-09-21 15:57:43,DELIVERED,R4
295,319.0,2025-12-27 15:57:43,CANCELLED,R3
296,131.0,2026-07-01 15:57:43,PLACED,R2
297,430.0,2026-01-23 15:57:43,CANCELLED,R1
298,80.0,2026-04-19 15:57:43,CANCELLED,R2
299,237.0,2026-06-29 15:57:43,CANCELLED,R2
300,261.0,2026-02-23 15:57:43,PLACED,R4
301,586.0,2026-05-20 15:57:43,RETURNED,R3
302,158.0,2026-05-25 15:57:43,CANCELLED,R4
303,194.0,2025-10-26 15:57:43,RETURNED,R2
304,52.0,2026-02-18 15:57:43,DELIVERED,R1
305,107.0,2026-05-17 15:57:43,DELIVERED,R2
306,236.0,2026-04-17 15:57:43,CANCELLED,R4
307,519.0,2025-10-16 15:57:43,PLACED,R1
308,567.0,2026-04-28 15:57:43,RETURNED,R3
310,211.0,2026-03-10 15:57:43,RETURNED,R4
311,104.0,2026-01-17 15:57:43,DELIVERED,R1
312,137.0,2025-12-27 15:57:43,SHIPPED,R2
313,414.0,2026-03-06 15:57:43,SHIPPED,R2
314,30.0,2025-12-29 15:57:43,CANCELLED,R1
315,432.0,2026-02-09 15:57:43,PLACED,R4
316,249.0,2025-09-27 15:57:43,CANCELLED,R4
317,449.0,2026-04-02 15:57:43,PLACED,R1
318,217.0,2026-04-14 15:57:43,SHIPPED,R4
319,295.0,2025-09-27 15:57:43,CANCELLED,R2
321,296.0,2025-11-25 15:57:43,PLACED,R2
322,589.0,2025-09-27 15:57:43,CANCELLED,R1
323,373.0,2026-06-07 15:57:43,RETURNED,R4
324,575.0,2025-11-02 15:57:43,RETURNED,R4
325,559.0,2026-05-10 15:57:43,CANCELLED,R4
326,266.0,2026-06-27 15:57:43,CANCELLED,R4
327,62.0,2026-06-14 15:57:43,RETURNED,R1
328,371.0,2026-04-04 15:57:43,RETURNED,R4
330,546.0,2026-03-09 15:57:43,DELIVERED,R2
331,197.0,2025-09-27 15:57:43,DELIVERED,R1
332,585.0,2026-02-16 15:57:43,DELIVERED,R4
333,412.0,2026-09-05 00:00:00,SHIPPED,R4
334,520.0,2026-01-01 15:57:43,DELIVERED,R2
335,293.0,2026-01-18 15:57:43,SHIPPED,R2
336,151.0,2026-05-22 15:57:43,SHIPPED,R2
337,140.0,2025-11-15 15:57:43,DELIVERED,R1
338,135.0,2026-05-05 15:57:43,SHIPPED,R2
339,552.0,2025-10-31 00:00:00,RETURNED,R1
340,436.0,2026-04-14 15:57:43,CANCELLED,R1
341,238.0,2025-12-24 15:57:43,RETURNED,R2
342,386.0,2025-12-10 15:57:43,CANCELLED,R3
343,577.0,2026-06-16 15:57:43,DELIVERED,R1
344,396.0,2026-02-08 15:57:43,RETURNED,R2
345,437.0,2026-05-20 15:57:43,SHIPPED,R4
346,277.0,2026-05-05 15:57:43,CANCELLED,R4
347,86.0,2026-04-20 00:00:00,PLACED,R3
348,34.0,2026-06-02 15:57:43,RETURNED,R1
349,59.0,2026-02-23 15:57:43,PLACED,R2
350,20.0,2026-05-26 15:57:43,PLACED,R1
351,493.0,2026-05-02 15:57:43,DELIVERED,R1
352,72.0,2026-08-05 00:00:00,SHIPPED,R2
354,165.0,2025-10-28 15:57:43,RETURNED,R2
355,89.0,2026-06-11 15:57:43,CANCELLED,R1
356,357.0,2026-06-16 15:57:43,CANCELLED,R4
357,203.0,2026-01-19 15:57:43,SHIPPED,R1
358,436.0,2026-10-04 00:00:00,RETURNED,R1
359,94.0,2026-06-20 15:57:43,DELIVERED,R2
360,583.0,2026-02-04 15:57:43,CANCELLED,R4
361,396.0,2026-07-10 15:57:43,RETURNED,R2
362,569.0,2025-12-04 15:57:43,PLACED,R3
363,1.0,2025-10-25 15:57:43,CANCELLED,R2
364,253.0,2026-01-16 15:57:43,DELIVERED,R1
365,100.0,2026-03-06 15:57:43,SHIPPED,R1
366,591.0,2026-04-04 15:57:43,DELIVERED,R3
368,289.0,2025-12-03 15:57:43,RETURNED,R2
369,579.0,2026-03-25 15:57:43,RETURNED,R3
370,43.0,2026-03-09 15:57:43,RETURNED,R2
371,16.0,2025-10-06 15:57:43,PLACED,R3
372,242.0,2026-04-30 15:57:43,CANCELLED,R1
373,194.0,2026-02-02 15:57:43,DELIVERED,R3
374,488.0,2026-04-23 15:57:43,PLACED,R2
375,588.0,2026-05-10 15:57:43,DELIVERED,R1
376,26.0,2026-03-23 15:57:43,RETURNED,R4
377,6.0,2026-03-05 15:57:43,RETURNED,R1
378,170.0,2026-02-04 15:57:43,DELIVERED,R3
379,115.0,2026-04-11 15:57:43,CANCELLED,R1
380,120.0,2026-05-07 15:57:43,DELIVERED,R3
381,83.0,2025-12-12 15:57:43,RETURNED,R4
383,403.0,2025-11-04 15:57:43,PLACED,R3
384,246.0,2025-10-20 15:57:43,CANCELLED,R1
385,541.0,2026-01-13 15:57:43,RETURNED,R3
386,167.0,2025-12-09 15:57:43,RETURNED,R2
387,511.0,2025-12-31 15:57:43,CANCELLED,R3
388,173.0,2026-03-28 00:00:00,CANCELLED,R4
389,88.0,2025-10-11 15:57:43,DELIVERED,R4
390,249.0,2026-04-24 15:57:43,CANCELLED,R1
391,123.0,2026-05-20 15:57:43,PLACED,R3
392,475.0,2026-06-09 15:57:43,RETURNED,R2
393,249.0,2026-01-08 15:57:43,PLACED,R1
394,326.0,2025-09-20 15:57:43,SHIPPED,R1
397,96.0,2026-05-06 15:57:43,SHIPPED,R3
398,446.0,2025-10-25 15:57:43,DELIVERED,R2
399,14.0,2026-03-17 00:00:00,PLACED,R2
400,367.0,2026-01-20 15:57:43,RETURNED,R1
401,486.0,2025-12-13 15:57:43,DELIVERED,R1
402,474.0,2025-11-14 15:57:43,PLACED,R3
403,144.0,2026-06-11 15:57:43,DELIVERED,R3
404,396.0,2026-01-11 15:57:43,DELIVERED,R4
405,382.0,2025-12-25 15:57:43,SHIPPED,R1
406,293.0,2025-11-06 15:57:43,SHIPPED,R3
407,86.0,2026-02-05 15:57:43,CANCELLED,R4
408,342.0,2026-05-15 15:57:43,SHIPPED,R1
409,75.0,2025-10-26 15:57:43,PLACED,R3
410,267.0,2026-04-28 15:57:43,CANCELLED,R1
411,427.0,2026-10-07 00:00:00,CANCELLED,R3
412,149.0,2026-09-06 00:00:00,DELIVERED,R2
413,12.0,2026-05-08 15:57:43,PLACED,R4
414,21.0,2026-07-06 15:57:43,RETURNED,R1
415,61.0,2025-09-16 15:57:43,RETURNED,R3
416,108.0,2025-10-23 00:00:00,RETURNED,R3
417,572.0,2026-03-06 15:57:43,SHIPPED,R4
418,319.0,2026-01-22 15:57:43,PLACED,R1
419,348.0,2026-01-30 15:57:43,SHIPPED,R4
420,535.0,2025-09-24 15:57:43,PLACED,R4
421,81.0,2025-09-21 15:57:43,SHIPPED,R1
422,271.0,2025-10-02 15:57:43,PLACED,R3
423,135.0,2026-01-20 15:57:43,DELIVERED,R3
424,172.0,2026-06-11 15:57:43,RETURNED,R4
425,512.0,2025-11-10 15:57:43,CANCELLED,R4
426,544.0,2025-09-22 15:57:43,DELIVERED,R2
427,259.0,2025-09-30 15:57:43,PLACED,R3
428,438.0,2025-12-25 15:57:43,CANCELLED,R2
429,538.0,2026-06-21 15:57:43,SHIPPED,R2
430,273.0,2026-02-05 15:57:43,PLACED,R1
431,131.0,2025-12-09 15:57:43,DELIVERED,R2
432,205.0,2025-11-10 15:57:43,PLACED,R4
433,24.0,2025-12-14 15:57:43,PLACED,R2
434,336.0,2026-05-16 15:57:43,RETURNED,R3
435,53.0,2026-04-26 15:57:43,DELIVERED,R2
436,531.0,2025-11-18 15:57:43,PLACED,R3
437,111.0,2026-05-08 15:57:43,SHIPPED,R2
438,257.0,2026-04-20 15:57:43,RETURNED,R2
439,287.0,2026-02-12 15:57:43,SHIPPED,R4
441,377.0,2025-12-10 15:57:43,PLACED,R4
442,485.0,2026-06-29 15:57:43,DELIVERED,R3
443,598.0,2026-01-27 15:57:43,SHIPPED,R1
444,547.0,2026-04-17 15:57:43,DELIVERED,R2
445,167.0,2026-04-04 15:57:43,RETURNED,R3
446,227.0,2025-11-09 15:57:43,DELIVERED,R2
447,532.0,2025-12-05 15:57:43,PLACED,R3
448,37.0,2026-04-02 15:57:43,SHIPPED,R3
449,246.0,2025-09-29 15:57:43,RETURNED,R2
450,43.0,2025-11-07 15:57:43,DELIVERED,R2
451,175.0,2025-10-14 15:57:43,DELIVERED,R2
452,543.0,2026-04-20 15:57:43,CANCELLED,R2
453,568.0,2026-03-20 15:57:43,CANCELLED,R2
454,56.0,2026-01-05 15:57:43,PLACED,R1
455,389.0,2025-11-27 15:57:43,RETURNED,R1
456,332.0,2026-06-13 15:57:43,PLACED,R3
458,78.0,2025-11-06 15:57:43,CANCELLED,R1
459,372.0,2026-03-07 15:57:43,PLACED,R2
460,285.0,2026-04-04 15:57:43,RETURNED,R2
461,121.0,2025-12-16 15:57:43,PLACED,R3
462,591.0,2026-06-22 15:57:43,CANCELLED,R2
464,148.0,2026-02-19 15:57:43,SHIPPED,R2
466,192.0,2025-09-22 15:57:43,SHIPPED,R2
467,8.0,2026-01-09 15:57:43,CANCELLED,R3
468,397.0,2025-11-28 15:57:43,CANCELLED,R2
469,383.0,2026-01-02 15:57:43,SHIPPED,R3
470,421.0,2025-12-01 15:57:43,SHIPPED,R3
471,443.0,2025-12-26 15:57:43,PLACED,R2
472,103.0,2026-02-18 15:57:43,DELIVERED,R1
473,67.0,2026-02-09 15:57:43,PLACED,R4
474,139.0,2026-04-12 15:57:43,SHIPPED,R1
476,430.0,2025-12-22 15:57:43,CANCELLED,R4
477,131.0,2026-06-10 15:57:43,DELIVERED,R3
478,356.0,2026-04-24 15:57:43,CANCELLED,R4
479,527.0,2026-04-10 15:57:43,PLACED,R1
480,249.0,2025-12-16 15:57:43,CANCELLED,R4
481,42.0,2025-10-22 15:57:43,SHIPPED,R4
482,594.0,2026-02-22 15:57:43,CANCELLED,R2
483,172.0,2026-06-14 15:57:43,RETURNED,R4
484,16.0,2026-01-15 15:57:43,DELIVERED,R1
485,588.0,2026-03-08 15:57:43,SHIPPED,R3
486,573.0,2026-01-06 15:57:43,CANCELLED,R4
487,81.0,2025-10-06 15:57:43,RETURNED,R2
488,507.0,2026-02-12 15:57:43,DELIVERED,R1
489,176.0,2025-12-22 15:57:43,RETURNED,R2
490,546.0,2026-03-28 15:57:43,CANCELLED,R3
491,507.0,2025-11-29 15:57:43,RETURNED,R1
492,385.0,2025-10-13 15:57:43,DELIVERED,R4
493,45.0,2026-03-11 15:57:43,CANCELLED,R3
494,154.0,2026-05-28 15:57:43,DELIVERED,R1
495,189.0,2026-02-24 15:57:43,DELIVERED,R4
496,143.0,2026-04-14 15:57:43,DELIVERED,R2
497,58.0,2026-06-15 15:57:43,DELIVERED,R3
498,229.0,2026-03-28 00:00:00,PLACED,R4
499,480.0,2026-06-02 15:57:43,RETURNED,R2
500,445.0,2026-01-18 15:57:43,SHIPPED,R3
501,7.0,2026-01-25 15:57:43,SHIPPED,R1
502,469.0,2025-09-20 15:57:43,DELIVERED,R1
503,248.0,2026-04-09 15:57:43,RETURNED,R1
504,46.0,2026-02-22 15:57:43,SHIPPED,R1
505,188.0,2026-02-22 15:57:43,PLACED,R2
506,52.0,2025-09-22 15:57:43,DELIVERED,R1
507,258.0,2026-05-25 15:57:43,PLACED,R3
508,3.0,2026-08-04 00:00:00,RETURNED,R3
509,251.0,2025-10-28 15:57:43,SHIPPED,R2
510,36.0,2026-03-09 15:57:43,CANCELLED,R3
511,322.0,2025-10-16 15:57:43,PLACED,R4
512,468.0,2025-10-29 15:57:43,SHIPPED,R1
513,439.0,2026-02-26 15:57:43,PLACED,R1
514,574.0,2025-11-07 15:57:43,DELIVERED,R2
515,449.0,2025-10-08 15:57:43,SHIPPED,R1
516,2.0,2025-09-19 15:57:43,PLACED,R2
517,136.0,2025-09-16 15:57:43,SHIPPED,R4
519,13.0,2025-12-10 00:00:00,CANCELLED,R3
520,282.0,2025-09-28 15:57:43,SHIPPED,R4
521,422.0,2025-09-15 15:57:43,SHIPPED,R1
522,549.0,2026-03-19 00:00:00,SHIPPED,R1
525,459.0,2026-06-13 15:57:43,DELIVERED,R3
526,545.0,2025-09-15 15:57:43,SHIPPED,R3
527,119.0,2026-02-08 15:57:43,RETURNED,R3
528,273.0,2026-01-04 15:57:43,SHIPPED,R2
529,534.0,2026-04-29 15:57:43,DELIVERED,R3
530,5.0,2026-06-30 00:00:00,CANCELLED,R1
531,261.0,2025-11-11 15:57:43,RETURNED,R1
532,545.0,2026-03-10 15:57:43,PLACED,R2
533,230.0,2026-06-11 15:57:43,PLACED,R3
534,107.0,2026-01-01 15:57:43,CANCELLED,R4
535,7.0,2026-03-07 15:57:43,DELIVERED,R1
536,486.0,2025-10-13 15:57:43,RETURNED,R1
537,483.0,2026-04-30 15:57:43,SHIPPED,R2
538,161.0,2026-04-05 15:57:43,CANCELLED,R1
540,550.0,2026-01-28 15:57:43,CANCELLED,R1
541,564.0,2026-04-17 15:57:43,RETURNED,R3
542,433.0,2026-01-20 15:57:43,DELIVERED,R4
543,447.0,2026-04-04 15:57:43,RETURNED,R4
544,280.0,2025-12-06 15:57:43,RETURNED,R1
545,260.0,2025-11-11 15:57:43,DELIVERED,R2
546,274.0,2025-09-16 15:57:43,PLACED,R3
547,181.0,2025-10-18 15:57:43,SHIPPED,R3
548,423.0,2026-07-12 15:57:43,RETURNED,R4
549,460.0,2026-11-06 00:00:00,CANCELLED,R2
550,598.0,2025-12-07 15:57:43,CANCELLED,R2
551,127.0,2026-04-30 15:57:43,SHIPPED,R2
552,373.0,2025-10-11 15:57:43,CANCELLED,R1
553,479.0,2026-02-05 15:57:43,PLACED,R3
554,578.0,2026-02-28 15:57:43,SHIPPED,R3
555,583.0,2026-02-02 15:57:43,PLACED,R1
556,419.0,2025-11-16 15:57:43,RETURNED,R3
557,339.0,2026-06-21 15:57:43,PLACED,R3
558,164.0,2026-02-21 00:00:00,RETURNED,R1
559,32.0,2026-04-20 15:57:43,DELIVERED,R2
560,327.0,2025-11-01 15:57:43,DELIVERED,R2
561,182.0,2025-09-19 15:57:43,RETURNED,R4
562,113.0,2026-04-16 15:57:43,SHIPPED,R1
563,445.0,2025-12-31 00:00:00,CANCELLED,R3
565,43.0,2026-06-13 15:57:43,DELIVERED,R4
566,423.0,2026-03-05 15:57:43,SHIPPED,R4
567,503.0,2026-02-01 00:00:00,RETURNED,R2
568,549.0,2026-07-04 15:57:43,CANCELLED,R1
569,59.0,2026-05-22 15:57:43,PLACED,R2
570,246.0,2026-06-30 00:00:00,SHIPPED,R2
571,347.0,2026-06-17 00:00:00,PLACED,R2
572,330.0,2026-05-10 15:57:43,DELIVERED,R1
573,323.0,2026-02-15 15:57:43,CANCELLED,R3
574,538.0,2025-12-24 15:57:43,PLACED,R1
575,360.0,2026-01-27 15:57:43,SHIPPED,R2
576,193.0,2026-03-23 15:57:43,CANCELLED,R3
577,326.0,2026-04-25 15:57:43,SHIPPED,R4
578,432.0,2026-06-25 15:57:43,PLACED,R3
579,223.0,2025-11-25 15:57:43,CANCELLED,R1
580,55.0,2025-11-10 15:57:43,PLACED,R3
581,336.0,2026-03-27 15:57:43,PLACED,R1
582,551.0,2026-03-23 15:57:43,CANCELLED,R4
585,393.0,2026-06-25 15:57:43,SHIPPED,R4
586,366.0,2026-04-13 15:57:43,DELIVERED,R2
587,433.0,2026-01-01 15:57:43,CANCELLED,R4
588,343.0,2026-06-08 15:57:43,SHIPPED,R2
589,335.0,2026-06-13 15:57:43,PLACED,R1
590,388.0,2025-11-11 15:57:43,CANCELLED,R3
591,143.0,2026-02-25 15:57:43,DELIVERED,R3
592,2.0,2026-09-07 00:00:00,SHIPPED,R2
593,426.0,2026-06-06 15:57:43,RETURNED,R4
594,412.0,2026-06-09 15:57:43,CANCELLED,R1
595,339.0,2026-05-06 15:57:43,DELIVERED,R4
596,65.0,2025-11-29 00:00:00,SHIPPED,R3
597,141.0,2026-06-15 00:00:00,CANCELLED,R2
598,433.0,2026-03-18 15:57:43,DELIVERED,R1
600,513.0,2025-09-26 00:00:00,SHIPPED,R1
